,Group,leaf_size,metric,n_neighbors,p,accuracy,precision,recall,roc_auc,f1,f2
0,selected_features,2,minkowski,9,2,0.7766323024054983,0.76,0.7972027972027972,0.7769797769797769,0.7781569965870307,0.7894736842105262
0,selected_features,2,minkowski,9,2,0.6704545454545454,0.8888888888888888,0.2222222222222222,0.6014957264957265,0.3555555555555555,0.26143790849673204
0,selected_features,2,minkowski,9,2,0.7289719626168224,0.6923076923076923,0.46153846153846156,0.6719457013574661,0.553846153846154,0.4945054945054945
