,Group,C,gamma,kernel,random_state,accuracy,precision,recall,roc_auc,f1,f2
0,selected_features,9,0.5,rbf,1234,0.9965635738831615,0.9930555555555556,1.0,0.9966216216216216,0.9965156794425087,0.9986033519553073
0,selected_features,9,0.5,rbf,1234,1.0,1.0,1.0,1.0,1.0,1.0
0,selected_features,9,0.5,rbf,1234,0.5794392523364486,0.4583333333333333,0.8461538461538461,0.6363122171945701,0.5945945945945945,0.7236842105263157
