,Group,C,gamma,kernel,random_state,accuracy,precision,recall,roc_auc,f1,f2
0,selected_features,100,1,linear,1234,0.9655172413793104,0.9545454545454546,0.9813084112149533,0.9646125389408099,0.967741935483871,0.9758364312267659
0,selected_features,100,1,linear,1234,0.5681818181818182,0.475,0.5277777777777778,0.561965811965812,0.5,0.516304347826087
0,selected_features,100,1,linear,1234,0.6261682242990654,0.4883720930232558,0.5384615384615384,0.6074660633484164,0.5121951219512196,0.5276381909547738
