,Group,C,gamma,kernel,probability,random_state,accuracy,precision,recall,roc_auc,f1,f2
0,selected_features,100,0.001,sigmoid,True,1234,0.7594501718213058,0.8476190476190476,0.6223776223776224,0.7571347571347572,0.717741935483871,0.6573116691285082
0,selected_features,100,0.001,sigmoid,True,1234,0.4766355140186916,0.34545454545454546,0.48717948717948717,0.47888386123680243,0.40425531914893614,0.45023696682464454
