,Group,gamma,max_depth,min_child_weight,n_estimators,random_state,accuracy,precision,recall,roc_auc,f1,f2
0,selected_features,0.2,2,10,5,1234,0.7594501718213058,0.7829457364341085,0.7062937062937062,0.7585522585522585,0.7426470588235293,0.7203994293865905
0,selected_features,0.2,2,10,5,1234,0.7045454545454546,0.6190476190476191,0.7222222222222222,0.7072649572649573,0.6666666666666666,0.6989247311827956
0,selected_features,0.2,2,10,5,1234,0.6635514018691588,0.5272727272727272,0.7435897435897436,0.6806184012066365,0.6170212765957446,0.6872037914691943
