,Group,class_weight,max_depth,max_features,min_samples_leaf,min_samples_split,n_estimators,random_state,accuracy,precision,recall,roc_auc,f1,f2
0,all_features,balanced_subsample,8,log2,2,8,25,1234,0.8968363136176066,0.9519519519519519,0.8430851063829787,0.8987505303994665,0.8942172073342736,0.8628198149156233
0,all_features,balanced_subsample,8,log2,2,8,25,1234,0.8767123287671232,0.956989247311828,0.7946428571428571,0.8786298397863819,0.8682926829268293,0.8225508317929761
0,all_features,balanced_subsample,8,log2,2,8,25,1234,0.7934426229508197,0.9060402684563759,0.7336956521739131,0.808996586417535,0.810810810810811,0.7627118644067795
