,Group,C,gamma,kernel,random_state,accuracy,precision,recall,roc_auc,f1,f2
0,all_features,10,0.01,rbf,1234,0.8149606299212598,0.8455284552845529,0.7878787878787878,0.8160705414803775,0.815686274509804,0.7987711213517665
0,all_features,10,0.01,rbf,1234,0.6757990867579908,0.6990291262135923,0.6428571428571429,0.6765687583444593,0.6697674418604651,0.6533575317604357
0,all_features,10,0.01,rbf,1234,0.6196721311475409,0.717948717948718,0.6086956521739131,0.6225296442687748,0.6588235294117647,0.6278026905829597
