,Group,gamma,max_depth,max_leaves,min_child_weight,n_estimators,random_state,accuracy,precision,recall,roc_auc,f1,f2
0,all_features,0,6,5,8,10,1234,0.9270976616231087,0.9353099730458221,0.9228723404255319,0.9272481360247318,0.92904953145917,0.9253333333333331
0,all_features,0,6,5,8,10,1234,0.908675799086758,0.9339622641509434,0.8839285714285714,0.9092540053404539,0.908256880733945,0.8935018050541517
0,all_features,0,6,5,8,10,1234,0.4065573770491803,0.5555555555555556,0.08152173913043478,0.49117409270571327,0.14218009478672985,0.09829619921363042
