,Group,class_weight,max_depth,max_features,min_samples_leaf,min_samples_split,n_estimators,random_state,accuracy,precision,recall,roc_auc,f1,f2
0,selected_features,balanced_subsample,10,log2,2,8,20,1234,0.9426605504587156,0.9444444444444444,0.9484978540772532,0.942229222605129,0.9464668094218415,0.9476843910806175
0,selected_features,balanced_subsample,10,log2,2,8,20,1234,0.9541984732824428,0.96,0.96,0.9532142857142857,0.96,0.96
0,selected_features,balanced_subsample,10,log2,2,8,20,1234,0.7676767676767676,0.9541284403669725,0.7172413793103448,0.8114508783344178,0.8188976377952755,0.7547169811320754
