,Group,C,gamma,kernel,random_state,accuracy,precision,recall,roc_auc,f1,f2
0,selected_features,1000,1,linear,1234,0.8262295081967214,0.8387096774193549,0.8227848101265823,0.826358391457849,0.8306709265175719,0.8259212198221092
0,selected_features,1000,1,linear,1234,0.7251908396946565,0.7910447761194029,0.7066666666666667,0.7283333333333333,0.7464788732394366,0.7220708446866485
0,selected_features,1000,1,linear,1234,0.6515151515151515,0.8518518518518519,0.6344827586206897,0.6662979830839297,0.7272727272727273,0.6686046511627907
