,Group,C,gamma,kernel,max_iter,probability,random_state,accuracy,precision,recall,roc_auc,f1,f2
0,selected_features,0.1,0.1,linear,200,True,1234,0.7431192660550459,0.7153024911032029,0.8626609442060086,0.7342861371276348,0.7821011673151751,0.8285243198680957
0,selected_features,0.1,0.1,linear,200,True,1234,0.5707070707070707,0.8571428571428571,0.496551724137931,0.6350683148991543,0.6288209606986899,0.5421686746987953
