,Group,class_weight,max_depth,max_features,min_samples_leaf,min_samples_split,n_estimators,random_state,accuracy,precision,recall,roc_auc,f1,f2
0,all_features,balanced_subsample,5,sqrt,10,5,100,1234,0.8899082568807339,0.9262672811059908,0.8626609442060086,0.8919216051079303,0.8933333333333333,0.8746736292428198
0,all_features,balanced_subsample,5,sqrt,10,5,100,1234,0.9007633587786259,0.9558823529411765,0.8666666666666667,0.906547619047619,0.9090909090909091,0.8831521739130436
0,all_features,balanced_subsample,5,sqrt,10,5,100,1234,0.7676767676767676,0.9024390243902439,0.7655172413793103,0.7695510735198439,0.8283582089552239,0.7894736842105264
