,Group,class_weight,max_depth,max_features,min_samples_leaf,min_samples_split,n_estimators,random_state,accuracy,precision,recall,roc_auc,f1,f2
0,all_features,balanced_subsample,5,sqrt,10,5,100,1234,0.8990825688073395,0.9315068493150684,0.8755364806866953,0.9008224275354658,0.902654867256637,0.8861859252823632
0,all_features,balanced_subsample,5,sqrt,10,5,100,1234,0.6946564885496184,0.6666666666666666,0.9333333333333333,0.6541666666666667,0.7777777777777778,0.8641975308641975
0,all_features,balanced_subsample,5,sqrt,10,5,100,1234,0.7929292929292929,0.8376623376623377,0.8896551724137931,0.708978529603123,0.862876254180602,0.8787465940054495
