,Group,C,gamma,kernel,random_state,accuracy,precision,recall,roc_auc,f1,f2
0,all_features,7,0.1,sigmoid,1234,0.8142201834862385,0.8275862068965517,0.8240343347639485,0.8134949998942895,0.8258064516129032,0.8247422680412371
0,all_features,7,0.1,sigmoid,1234,0.8091603053435115,0.8289473684210527,0.84,0.8039285714285713,0.8344370860927153,0.8377659574468086
0,all_features,7,0.1,sigmoid,1234,0.696969696969697,0.7672955974842768,0.8413793103448276,0.5716330513988289,0.8026315789473685,0.8254397834912044
