,Group,C,gamma,kernel,random_state,accuracy,precision,recall,roc_auc,f1,f2
0,all_features,10,1,linear,1234,0.9672131147540983,0.9625,0.9746835443037974,0.9669336088865925,0.9685534591194969,0.9722222222222221
0,all_features,10,1,linear,1234,0.6564885496183206,0.7678571428571429,0.5733333333333334,0.670595238095238,0.6564885496183206,0.6039325842696629
0,all_features,10,1,linear,1234,0.5353535353535354,0.8354430379746836,0.45517241379310347,0.6049446974625895,0.5892857142857143,0.5007587253414264
