,Group,leaf_size,metric,n_neighbors,p,accuracy,precision,recall,roc_auc,f1,f2
0,all_features,1,minkowski,2,1,0.7972508591065293,1.0,0.5874125874125874,0.7937062937062938,0.7400881057268722,0.6402439024390244
0,all_features,1,minkowski,2,1,0.8409090909090909,1.0,0.6111111111111112,0.8055555555555556,0.7586206896551725,0.6626506024096387
0,all_features,1,minkowski,2,1,0.411214953271028,0.2857142857142857,0.41025641025641024,0.4110105580693816,0.3368421052631579,0.3773584905660377
