,Group,class_weight,max_depth,max_features,min_samples_leaf,min_samples_split,n_estimators,random_state,accuracy,precision,recall,roc_auc,f1,f2
0,all_features,balanced_subsample,2,sqrt,15,2,26,1234,0.8109965635738832,0.8055555555555556,0.8111888111888111,0.810999810999811,0.8083623693379791,0.8100558659217877
0,all_features,balanced_subsample,2,sqrt,15,2,26,1234,0.75,0.6590909090909091,0.8055555555555556,0.7585470085470086,0.7250000000000001,0.7712765957446808
0,all_features,balanced_subsample,2,sqrt,15,2,26,1234,0.5981308411214953,0.47368421052631576,0.9230769230769231,0.6674208144796381,0.6260869565217392,0.7758620689655171
