,Group,class_weight,max_depth,min_samples_leaf,min_samples_split,n_estimators,random_state,accuracy,precision,recall,roc_auc,f1,f2
0,all_features,balanced_subsample,7,10,9,950,1234,0.9209621993127147,0.9054054054054054,0.9370629370629371,0.9212341712341712,0.9209621993127148,0.9305555555555556
0,all_features,balanced_subsample,7,10,9,950,1234,0.514018691588785,0.41975308641975306,0.8717948717948718,0.5903092006033183,0.5666666666666667,0.7172995780590717
