,Group,C,gamma,kernel,random_state,accuracy,precision,recall,roc_auc,f1,f2
0,all_features,100,0.5,poly,1234,1.0,1.0,1.0,1.0,1.0,1.0
0,all_features,100,0.5,poly,1234,0.7045454545454546,0.631578947368421,0.6666666666666666,0.6987179487179488,0.6486486486486486,0.6593406593406593
0,all_features,100,0.5,poly,1234,0.7009345794392523,0.6206896551724138,0.46153846153846156,0.6498868778280543,0.5294117647058824,0.4864864864864865
