,Group,gamma,learning_rate,max_depth,max_leaves,min_child_weight,n_estimators,random_state,sample_pos_weight,subsample,accuracy,precision,recall,roc_auc,f1,f2
0,all_features,0.0,0.01,4,4,12,5,1234,1.05,0.5,0.7079037800687286,0.6858974358974359,0.7482517482517482,0.7085853335853336,0.7157190635451505,0.7348901098901098
0,all_features,0.0,0.01,4,4,12,5,1234,1.05,0.5,0.75,0.6590909090909091,0.8055555555555556,0.7585470085470086,0.7250000000000001,0.7712765957446808
0,all_features,0.0,0.01,4,4,12,5,1234,1.05,0.5,0.5700934579439252,0.41025641025641024,0.41025641025641024,0.5360105580693816,0.41025641025641024,0.41025641025641024
