,Group,gamma,learning_rate,max_depth,max_leaves,min_child_weight,n_estimators,random_state,subsample,accuracy,precision,recall,roc_auc,f1,f2
0,all_features,1,0.0001,2,3,12,200,1234,0.5,0.7010309278350515,0.6866666666666666,0.7202797202797203,0.7013560763560764,0.7030716723549488,0.7132963988919667
0,all_features,1,0.0001,2,3,12,200,1234,0.5,0.7272727272727273,0.65,0.7222222222222222,0.7264957264957266,0.6842105263157895,0.7065217391304348
0,all_features,1,0.0001,2,3,12,200,1234,0.5,0.4672897196261682,0.275,0.28205128205128205,0.4277903469079939,0.27848101265822783,0.2806122448979592
