,Group,leaf_size,metric,n_neighbors,weights,accuracy,precision,recall,roc_auc,f1,f2
0,selected_features,4,minkowski,13,distance,1.0,1.0,1.0,1.0,1.0,1.0
0,selected_features,4,minkowski,13,distance,0.5844748858447488,0.6909090909090909,0.3392857142857143,0.5902036048064085,0.4550898203592814,0.37773359840954274
0,selected_features,4,minkowski,13,distance,0.5868852459016394,0.8085106382978723,0.41304347826086957,0.6321415738411786,0.5467625899280575,0.4578313253012048
