,Group,gamma,max_depth,min_child_weight,n_estimators,random_state,accuracy,precision,recall,roc_auc,f1,f2
0,selected_features,0.0,2,6,10,1234,0.8019257221458047,0.8647798742138365,0.7313829787234043,0.8044379281081409,0.792507204610951,0.7546652030735457
0,selected_features,0.0,2,6,10,1234,0.7990867579908676,0.8777777777777778,0.7053571428571429,0.8012767022696929,0.7821782178217822,0.7342007434944239
0,selected_features,0.0,2,6,10,1234,0.760655737704918,0.87248322147651,0.7065217391304348,0.7747484728710026,0.7807807807807807,0.7344632768361582
